,MLP Regression,Multilinear Regression,KNN Regression,Random Forests Regression
measuring | ,"{'Mean': -0.04832805175117297, 'Std': 0.003185075776579266}","{'Mean': -0.051597287041064595, 'Std': 0.0009365316663919704}","{'Mean': -0.04818760323613686, 'Std': 0.002028819323193367}","{'Mean': -0.050310368189326514, 'Std': 0.0018131083827097395}"
measuring | temperature | ,"{'Mean': -0.050058021641015006, 'Std': 0.005332615014865776}","{'Mean': -0.05211523835602618, 'Std': 0.001649305896768961}","{'Mean': -0.049987165711556834, 'Std': 0.004157283487155172}","{'Mean': -0.0492694185130448, 'Std': 0.0042835292793113825}"
