,MLP Regression,Multilinear Regression,KNN Regression,Random Forests Regression
measuring | ,"{'Mean': -3.9459371135309005, 'Std': 5.683803759575783}","{'Mean': -3.8008230501993494, 'Std': 6.391552807596436}","{'Mean': -3.726829824531334, 'Std': 5.487636506057083}","{'Mean': -4.390860512875554, 'Std': 6.069377924601299}"
measuring | temperature | ,"{'Mean': -2.840621102637511, 'Std': 4.359089688813034}","{'Mean': -3.615513089770927, 'Std': 5.884949154612758}","{'Mean': -2.6193190368350168, 'Std': 4.524327255917632}","{'Mean': -2.6646542387288115, 'Std': 4.512790204448494}"
