,MLP Regression,Multilinear Regression,KNN Regression,Random Forests Regression
measuring | ,"{'Mean': -0.4493963685711258, 'Std': 0.24785212050374145}","{'Mean': -0.6305690176317361, 'Std': 0.4754317998073108}","{'Mean': -0.48016417383615534, 'Std': 0.28936810143854913}","{'Mean': -0.6100339312841349, 'Std': 0.34659018645393364}"
measuring | temperature | ,"{'Mean': -0.6513082472584006, 'Std': 0.4023663546883257}","{'Mean': -0.6755498198188881, 'Std': 0.47276103997378033}","{'Mean': -0.6297092077490268, 'Std': 0.37859231805392857}","{'Mean': -0.6341060271119718, 'Std': 0.430454747565475}"
