,MLP Regression,Multilinear Regression,KNN Regression,Random Forests Regression
measuring | ,"{'Mean': -0.04454832611945893, 'Std': 0.013002585712860218}","{'Mean': -0.0448406760374709, 'Std': 0.012450118914430802}","{'Mean': -0.04484631308411215, 'Std': 0.01349871585051061}","{'Mean': -0.0468272346535916, 'Std': 0.013335614001148684}"
measuring no Temp | ,"{'Mean': -0.04508957258425735, 'Std': 0.012333210817556969}","{'Mean': -0.04557964018376015, 'Std': 0.01296551363619467}","{'Mean': -0.0481122523364486, 'Std': 0.014324040451592291}","{'Mean': -0.04816777496544067, 'Std': 0.013243218206133486}"
measuring | temperature | ,"{'Mean': -0.04551433949119589, 'Std': 0.01277799757057884}","{'Mean': -0.045097118485657436, 'Std': 0.012161807139568591}","{'Mean': -0.04632609813084112, 'Std': 0.011713371741701215}","{'Mean': -0.045897726050832664, 'Std': 0.011982972731601508}"
measuring no Temp | temperature | ,"{'Mean': -0.045417128309598084, 'Std': 0.013035638794193779}","{'Mean': -0.045097118485657436, 'Std': 0.012161807139568596}","{'Mean': -0.04630591588785046, 'Std': 0.011657230498216513}","{'Mean': -0.04502279073286039, 'Std': 0.01255395636913166}"
