,MLP Regression,Multilinear Regression,KNN Regression,Random Forests Regression
measuring | ,"{'Mean': -0.06376599139693188, 'Std': 0.010513777206769055}","{'Mean': -0.06618997891021339, 'Std': 0.0061826472071995955}","{'Mean': -0.06425072286363791, 'Std': 0.008999786057578035}","{'Mean': -0.06683555443708718, 'Std': 0.008995975901411978}"
measuring | temperature | ,"{'Mean': -0.08066895422494845, 'Std': 0.014794423879544074}","{'Mean': -0.06698656308164441, 'Std': 0.006757550353051433}","{'Mean': -0.0680670057851169, 'Std': 0.008010916359651949}","{'Mean': -0.06798505160718919, 'Std': 0.006959793671408085}"
