,MLP Regression,Multilinear Regression,KNN Regression,Random Forests Regression
measuring | ,"{'Mean': -0.05157560739127454, 'Std': 0.00141665284464407}","{'Mean': -0.05105694301296577, 'Std': 0.001310104042944578}","{'Mean': -0.047715671540702644, 'Std': 0.0019022849689140755}","{'Mean': -0.04973363098104929, 'Std': 0.0017372211223401488}"
measuring | temperature | ,"{'Mean': -0.04972855291552202, 'Std': 0.0015938341137211912}","{'Mean': -0.05142097831431977, 'Std': 0.001033015334295703}","{'Mean': -0.04793150683494371, 'Std': 0.0013754067890312232}","{'Mean': -0.05022018511634349, 'Std': 0.0035727248318893237}"
