,MLP Regression,Multilinear Regression,KNN Regression,Random Forests Regression
measuring | ,"{'Mean': -9.292630665138596, 'Std': 2.64634477941594}","{'Mean': -9.243662003971956, 'Std': 2.618896248209462}","{'Mean': -9.548589347929873, 'Std': 2.6832347834675914}","{'Mean': -9.61337673323077, 'Std': 2.57530807214739}"
measuring no Temp | ,"{'Mean': -9.500756249257012, 'Std': 2.5717647850578533}","{'Mean': -9.430053092906988, 'Std': 2.652864223702809}","{'Mean': -9.64563475111613, 'Std': 2.5976497503192344}","{'Mean': -9.83672281726695, 'Std': 2.4655120810774496}"
measuring | temperature | ,"{'Mean': -8.714458268108007, 'Std': 2.4675567867673496}","{'Mean': -8.717618998965671, 'Std': 2.509865659156357}","{'Mean': -8.849149777256596, 'Std': 2.299319761347927}","{'Mean': -8.904777472136358, 'Std': 2.194944772809635}"
measuring no Temp | temperature | ,"{'Mean': -8.731933913157352, 'Std': 2.4227822685282714}","{'Mean': -8.717618998965671, 'Std': 2.5098656591563584}","{'Mean': -8.966303262278675, 'Std': 2.181506718367808}","{'Mean': -9.063692895047499, 'Std': 2.1574682308251645}"
