,MLP Regression,Multilinear Regression,KNN Regression,Random Forests Regression
measuring 1 | ,"{'Mean': -13.724967922572935, 'Std': 2.5458313824500363}","{'Mean': -13.625253690125101, 'Std': 2.580555330093929}","{'Mean': -12.908377169558241, 'Std': 3.9170111237817222}","{'Mean': -14.791637422610256, 'Std': 2.487536548401928}"
measuring 2 | ,"{'Mean': -10.872103780447892, 'Std': 1.6516396208423234}","{'Mean': -11.348890937293637, 'Std': 2.1252737014306016}","{'Mean': -11.270164989456175, 'Std': 1.3949540709668893}","{'Mean': -11.602844731588009, 'Std': 1.3034477717849433}"
measuring 1 | measuring 2 | ,"{'Mean': -10.024581449774493, 'Std': 1.5528527219390997}","{'Mean': -10.808239307824762, 'Std': 2.0236697000723334}","{'Mean': -10.861049285722443, 'Std': 1.7244806058920428}","{'Mean': -10.612628523957266, 'Std': 1.4435593575356462}"
measuring 1 | temperature | ,"{'Mean': -8.622066857541666, 'Std': 1.072624528554446}","{'Mean': -9.120128952556136, 'Std': 1.117904589711246}","{'Mean': -9.964363676874983, 'Std': 1.764134262606622}","{'Mean': -9.22242273125545, 'Std': 1.2091977799200304}"
measuring 2 | temperature | ,"{'Mean': -10.143279443409428, 'Std': 2.6168896467383407}","{'Mean': -8.855523288689945, 'Std': 0.8557885248291962}","{'Mean': -9.894770279442115, 'Std': 0.9168169453167044}","{'Mean': -9.707375787410692, 'Std': 1.2680657767490866}"
measuring 1 | measuring 2 | temperature | ,"{'Mean': -8.893351843756427, 'Std': 0.8221129030158177}","{'Mean': -8.815054132548477, 'Std': 0.8796884391429625}","{'Mean': -9.917549849821174, 'Std': 1.3696678055814213}","{'Mean': -9.510089330384146, 'Std': 1.569848288379393}"
