,MLP Regression,Multilinear Regression,KNN Regression,Random Forests Regression
measuring 1 | ,"{'Mean': -14.582063918002426, 'Std': 2.3767112420160537}","{'Mean': -13.625253690125101, 'Std': 2.580555330093929}","{'Mean': -12.908377169558241, 'Std': 3.9170111237817222}","{'Mean': -14.740656091795051, 'Std': 2.472768649062985}"
measuring 2 | ,"{'Mean': -10.849554891371733, 'Std': 1.4652019523145177}","{'Mean': -11.348890937293637, 'Std': 2.1252737014306002}","{'Mean': -11.270164989456175, 'Std': 1.3949540709668893}","{'Mean': -11.568716760315569, 'Std': 1.3131125103324317}"
measuring 1 | measuring 2 | ,"{'Mean': -9.908346784664497, 'Std': 1.514740823934135}","{'Mean': -10.808239307824783, 'Std': 2.0236697000723414}","{'Mean': -10.789201570249665, 'Std': 1.7321355522991573}","{'Mean': -10.612548771916751, 'Std': 1.384006575727012}"
measuring 1 | temperature | ,"{'Mean': -8.565090632978006, 'Std': 0.9001560087914084}","{'Mean': -9.120128952556138, 'Std': 1.1179045897112576}","{'Mean': -9.10896833748674, 'Std': 0.9198444253516265}","{'Mean': -9.238571472516812, 'Std': 1.1635222882475937}"
measuring 2 | temperature | ,"{'Mean': -8.960924759104508, 'Std': 1.2241278395351491}","{'Mean': -8.855523288689945, 'Std': 0.8557885248291882}","{'Mean': -9.560870266396533, 'Std': 0.936613261711274}","{'Mean': -9.745273140958027, 'Std': 1.3208619952381633}"
measuring 1 | measuring 2 | temperature | ,"{'Mean': -9.80090980904579, 'Std': 1.7372462977225898}","{'Mean': -8.815054132548475, 'Std': 0.8796884391429658}","{'Mean': -9.255077564322145, 'Std': 1.1476163369356254}","{'Mean': -9.515942189751614, 'Std': 1.5646340162279953}"
