,MLP Regression,Multilinear Regression,KNN Regression,Random Forests Regression
measuring | ,"{'Mean': -0.5476027718282299, 'Std': 0.6856171940536905}","{'Mean': -0.5586744402607027, 'Std': 0.6905100957601107}","{'Mean': -0.5417653092605985, 'Std': 0.5641207455801462}","{'Mean': -0.6750840261112259, 'Std': 0.6561788280646633}"
measuring no Temp | ,"{'Mean': -0.608393905543528, 'Std': 0.8085584440581779}","{'Mean': -0.6295691032291169, 'Std': 0.8151660307567858}","{'Mean': -0.8293745736308766, 'Std': 0.9487991663197619}","{'Mean': -0.8589061930631126, 'Std': 0.8920016335284001}"
measuring | temperature | ,"{'Mean': -0.6174029221566876, 'Std': 0.7986026713226737}","{'Mean': -0.5638254725706151, 'Std': 0.6725898807877227}","{'Mean': -0.6646653216733045, 'Std': 0.7934241098955024}","{'Mean': -0.6297845431117463, 'Std': 0.6052435644246407}"
measuring no Temp | temperature | ,"{'Mean': -0.5837807144176852, 'Std': 0.7066712978384592}","{'Mean': -0.5638254725706153, 'Std': 0.6725898807877232}","{'Mean': -0.6643582335801759, 'Std': 0.7939094999613018}","{'Mean': -0.5679072326711404, 'Std': 0.5520723946617934}"
