,MLP Regression,Multilinear Regression,KNN Regression,Random Forests Regression
measuring | ,"{'Mean': -0.047752304895815216, 'Std': 0.0036801844704831927}","{'Mean': -0.05105694301296577, 'Std': 0.0013101040429445716}","{'Mean': -0.04771230579916478, 'Std': 0.0018983183860093562}","{'Mean': -0.049804886708728624, 'Std': 0.001773336778751789}"
measuring | temperature | ,"{'Mean': -0.059340281112870395, 'Std': 0.00933696219518241}","{'Mean': -0.05142097831431979, 'Std': 0.0010330153342957094}","{'Mean': -0.04996179930262878, 'Std': 0.0035925386672042946}","{'Mean': -0.05007449508334575, 'Std': 0.0032877258559464275}"
