,MLP Regression,Multilinear Regression,KNN Regression,Random Forests Regression
measuring 1 | ,"{'Mean': -18.517743774836145, 'Std': 2.8828783487148044}","{'Mean': -17.635501663505025, 'Std': 3.7839894181324847}","{'Mean': -18.358092561314262, 'Std': 5.317139267395811}","{'Mean': -18.203502541893098, 'Std': 3.2984130172804385}"
measuring 2 | ,"{'Mean': -13.920527447648853, 'Std': 1.712845439307685}","{'Mean': -14.179897187564267, 'Std': 2.6891758989753374}","{'Mean': -14.126765653109269, 'Std': 1.682320971000713}","{'Mean': -14.517860165358684, 'Std': 1.7189295076136593}"
measuring 1 | measuring 2 | ,"{'Mean': -12.822555410963867, 'Std': 1.980886637992154}","{'Mean': -14.338429994604274, 'Std': 2.6244757088239883}","{'Mean': -13.537566110893165, 'Std': 1.9215972909700776}","{'Mean': -13.42677261752297, 'Std': 1.738233966596636}"
measuring 1 | temperature | ,"{'Mean': -11.290679981616355, 'Std': 1.5536782044873583}","{'Mean': -12.166514146702092, 'Std': 1.2795165192064877}","{'Mean': -11.677309837033283, 'Std': 1.2190111066641551}","{'Mean': -11.870521097105994, 'Std': 1.3354820279572925}"
measuring 2 | temperature | ,"{'Mean': -15.549160292036314, 'Std': 6.08818132598052}","{'Mean': -11.939521360334254, 'Std': 0.8631984241881911}","{'Mean': -12.498883968506197, 'Std': 0.8514090436707952}","{'Mean': -12.411480271038124, 'Std': 1.2682890169499774}"
measuring 1 | measuring 2 | temperature | ,"{'Mean': -13.091207333306278, 'Std': 1.9685080244008737}","{'Mean': -11.978370196191689, 'Std': 0.8368031781305381}","{'Mean': -12.337154748855973, 'Std': 0.9674128392447088}","{'Mean': -11.903889313920866, 'Std': 1.050387041447529}"
