,MLP Regression,Multilinear Regression,KNN Regression,Random Forests Regression
measuring | ,"{'Mean': -0.05380764137205807, 'Std': 0.03582309856175431}","{'Mean': -0.006865836725913936, 'Std': 0.02897944975026657}","{'Mean': -0.1483856663699589, 'Std': 0.07493573478805501}","{'Mean': -0.18747740777493802, 'Std': 0.11337528697975195}"
measuring | temperature | ,"{'Mean': -0.2870003655973731, 'Std': 0.2674486412212298}","{'Mean': 0.10391589856495868, 'Std': 0.07542470470877326}","{'Mean': -0.017522761355367122, 'Std': 0.09133699406140632}","{'Mean': -0.16509660379624144, 'Std': 0.2675947240626404}"
