,MLP Regression,Multilinear Regression,KNN Regression,Random Forests Regression
measuring | ,"{'Mean': -9.894199601377842, 'Std': 2.075948121626981}","{'Mean': -9.902687472555082, 'Std': 1.8630011782135605}","{'Mean': -10.080489417989419, 'Std': 2.025067171980104}","{'Mean': -10.67163748543529, 'Std': 2.3608198638331577}"
measuring | temperature | ,"{'Mean': -10.19834491597192, 'Std': 2.1969711697423264}","{'Mean': -10.094301847133762, 'Std': 1.8051429223947704}","{'Mean': -9.72515083384767, 'Std': 2.350406512500569}","{'Mean': -9.604643331877416, 'Std': 1.9334288101636015}"
