,MLP Regression,Multilinear Regression,KNN Regression,Random Forests Regression
measuring 1 | ,"{'Mean': -9.994121230727659, 'Std': 3.072226930113956}","{'Mean': -9.829478364605658, 'Std': 3.181848555153972}","{'Mean': -15.398580046920824, 'Std': 3.2990764309831384}","{'Mean': -10.085065709413723, 'Std': 3.247985035363131}"
measuring 2 | ,"{'Mean': -9.227544365597513, 'Std': 3.452681392905673}","{'Mean': -9.365016712132862, 'Std': 3.16664132315011}","{'Mean': -9.296524884250474, 'Std': 3.2882356075989008}","{'Mean': -9.517544183361078, 'Std': 3.0534576744246644}"
measuring 1 | measuring 2 | ,"{'Mean': -10.53093613642009, 'Std': 4.02885542947532}","{'Mean': -9.36852785444277, 'Std': 3.1209127587202232}","{'Mean': -9.192670621700879, 'Std': 2.8614284890959802}","{'Mean': -9.254756087258787, 'Std': 2.964595989770841}"
measuring 1 | temperature | ,"{'Mean': -9.646254673850093, 'Std': 3.8674127381173182}","{'Mean': -9.53493251797833, 'Std': 3.375572950795597}","{'Mean': -9.383631648387096, 'Std': 3.750655368322597}","{'Mean': -9.733812633168897, 'Std': 4.04944609430267}"
measuring 2 | temperature | ,"{'Mean': -9.065783913232073, 'Std': 3.8341994838340243}","{'Mean': -9.607693466982074, 'Std': 2.931858463125599}","{'Mean': -9.372108645161289, 'Std': 3.8608185067180174}","{'Mean': -9.227970950369654, 'Std': 3.746351767642403}"
measuring 1 | measuring 2 | temperature | ,"{'Mean': -8.945129945943943, 'Std': 4.0004258510820545}","{'Mean': -9.606281439355524, 'Std': 2.9556192620435278}","{'Mean': -9.222714133238773, 'Std': 3.982556336262471}","{'Mean': -9.189542619404875, 'Std': 3.8634635025749056}"
