,MLP Regression,Multilinear Regression,KNN Regression,Random Forests Regression
measuring | ,"{'Mean': -0.6443260682937353, 'Std': 0.49286215744065404}","{'Mean': -0.6138482583259227, 'Std': 0.4658055637762877}","{'Mean': -0.46939784244430904, 'Std': 0.288077487608325}","{'Mean': -0.5974769101175456, 'Std': 0.3382894743967483}"
measuring | temperature | ,"{'Mean': -0.5873190512012285, 'Std': 0.42340465600422095}","{'Mean': -0.6481560918855428, 'Std': 0.44883854510730276}","{'Mean': -0.6075181995700079, 'Std': 0.4631063426054424}","{'Mean': -0.7233450359196656, 'Std': 0.49951037135062326}"
