,MLP Regression,Multilinear Regression,KNN Regression,Random Forests Regression
measuring | ,"{'Mean': -9.941650289447608, 'Std': 2.5202721262728405}","{'Mean': -9.620967811794737, 'Std': 2.17257317613296}","{'Mean': -9.916521379310346, 'Std': 2.103081323020141}","{'Mean': -10.334006206313543, 'Std': 2.0774280238427414}"
measuring | temperature | ,"{'Mean': -8.996608457700633, 'Std': 1.8105131336054385}","{'Mean': -9.702963401649608, 'Std': 1.8684377153716696}","{'Mean': -8.878568429118776, 'Std': 1.5403043920777648}","{'Mean': -9.182766139262935, 'Std': 2.0260359653121944}"
