,MLP Regression,Multilinear Regression,KNN Regression,Random Forests Regression
NO2,"{'Mean': -8.846936965813324, 'Std': 3.150728718358184}","{'Mean': -9.272978021277073, 'Std': 3.0529788057209646}","{'Mean': -9.304453065341903, 'Std': 3.2351193382672463}","{'Mean': -9.411855811534185, 'Std': 3.241353070931084}"
NO2 and temperature,"{'Mean': -8.622776527103555, 'Std': 2.5939634279262465}","{'Mean': -9.21265834032228, 'Std': 2.9934862096812265}","{'Mean': -8.879079796526273, 'Std': 3.3798824019057405}","{'Mean': -9.032849629266043, 'Std': 3.31934194348888}"
