,MLP Regression,Multilinear Regression,KNN Regression,Random Forests Regression
measuring 1 | ,"{'Mean': -0.37907627909662894, 'Std': 0.4199509271822078}","{'Mean': -0.3496123437240211, 'Std': 0.3849624899190328}","{'Mean': -0.27406130146748214, 'Std': 0.3065925562449067}","{'Mean': -0.6696347150424842, 'Std': 0.7426889806191302}"
measuring 2 | ,"{'Mean': 0.16287375912926713, 'Std': 0.1253116566427018}","{'Mean': 0.09098714271342874, 'Std': 0.14018881829579938}","{'Mean': 0.034592101283136056, 'Std': 0.35385625215274114}","{'Mean': -0.04820780892918349, 'Std': 0.39281959933636407}"
measuring 1 | measuring 2 | ,"{'Mean': 0.23914939816980166, 'Std': 0.14623687010022882}","{'Mean': 0.14427249520800248, 'Std': 0.1590643981779009}","{'Mean': 0.11576822395321525, 'Std': 0.23569071642701953}","{'Mean': 0.14302762464642263, 'Std': 0.2442718636601631}"
measuring 1 | temperature | ,"{'Mean': 0.4178173347415086, 'Std': 0.15287774816245894}","{'Mean': 0.3634227947137773, 'Std': 0.18241800865082028}","{'Mean': 0.2120318563721566, 'Std': 0.19846858982449486}","{'Mean': 0.3407938444369065, 'Std': 0.18013472514006013}"
measuring 2 | temperature | ,"{'Mean': 0.23376615736416795, 'Std': 0.17303576821009953}","{'Mean': 0.3769531049774291, 'Std': 0.22272197381959877}","{'Mean': 0.1913601898475842, 'Std': 0.33586446209461523}","{'Mean': 0.26016136081478436, 'Std': 0.21411399253182903}"
measuring 1 | measuring 2 | temperature | ,"{'Mean': 0.28733701373138637, 'Std': 0.20576466023521822}","{'Mean': 0.38751962100348275, 'Std': 0.21403151915943106}","{'Mean': 0.1854147893656387, 'Std': 0.3423439536878027}","{'Mean': 0.3117552321769559, 'Std': 0.18055300268736255}"
