,MLP Regression,Multilinear Regression,KNN Regression,Random Forests Regression
measuring 1 | ,"{'Mean': -0.6302351680760094, 'Std': 0.6302728713253619}","{'Mean': -0.34961234372402133, 'Std': 0.3849624899190332}","{'Mean': -0.27406130146748214, 'Std': 0.3065925562449067}","{'Mean': -0.6555787622347921, 'Std': 0.7275787409776859}"
measuring 2 | ,"{'Mean': 0.12433087109555456, 'Std': 0.26404190687950735}","{'Mean': 0.09098714271342923, 'Std': 0.1401888182957988}","{'Mean': 0.034592101283136056, 'Std': 0.35385625215274114}","{'Mean': -0.03836957109140086, 'Std': 0.3881607707500588}"
measuring 1 | measuring 2 | ,"{'Mean': 0.26137713026367826, 'Std': 0.19366754673815373}","{'Mean': 0.14427249520799934, 'Std': 0.15906439817790205}","{'Mean': 0.129030796021799, 'Std': 0.24069759869690008}","{'Mean': 0.13909147601889552, 'Std': 0.24064909583549196}"
measuring 1 | temperature | ,"{'Mean': 0.42222949990130765, 'Std': 0.16841454500803144}","{'Mean': 0.3634227947137778, 'Std': 0.1824180086508182}","{'Mean': 0.3288716839969445, 'Std': 0.220910240569705}","{'Mean': 0.33496371543616993, 'Std': 0.19036232550204663}"
measuring 2 | temperature | ,"{'Mean': 0.3836231704401054, 'Std': 0.15361244903466023}","{'Mean': 0.37695310497743034, 'Std': 0.22272197381959546}","{'Mean': 0.26184960367480425, 'Std': 0.2772788200022134}","{'Mean': 0.260111752957019, 'Std': 0.2125133589400253}"
measuring 1 | measuring 2 | temperature | ,"{'Mean': 0.2895247821788478, 'Std': 0.1347382713672973}","{'Mean': 0.3875196210034842, 'Std': 0.21403151915942795}","{'Mean': 0.29388814850328465, 'Std': 0.28393399218244736}","{'Mean': 0.3092556680304815, 'Std': 0.17966949151030895}"
