,MLP Regression,Multilinear Regression,KNN Regression,Random Forests Regression
measuring 1 | ,"{'Mean': -14.328817564695939, 'Std': 2.1274202362119428}","{'Mean': -13.806027595562108, 'Std': 2.758760001109265}","{'Mean': -13.652255579656051, 'Std': 4.345003268234469}","{'Mean': -14.532275083654858, 'Std': 2.289411108875624}"
measuring 2 | ,"{'Mean': -11.03334401275695, 'Std': 1.4215436783887525}","{'Mean': -11.192623641034436, 'Std': 2.241538579583106}","{'Mean': -11.271404328567451, 'Std': 1.458497328514783}","{'Mean': -11.46805252413301, 'Std': 1.4463949683482678}"
measuring 1 | measuring 2 | ,"{'Mean': -10.08287666032229, 'Std': 1.6117642745549918}","{'Mean': -11.017226945765522, 'Std': 2.2290301413357034}","{'Mean': -10.662469853643016, 'Std': 1.720218114274529}","{'Mean': -10.49716688575665, 'Std': 1.4914492888201414}"
measuring 1 | temperature | ,"{'Mean': -8.706674786165122, 'Std': 1.3034935146011626}","{'Mean': -9.495984699018786, 'Std': 1.166584416018118}","{'Mean': -8.923897072860324, 'Std': 1.1211625472864497}","{'Mean': -9.104414443221797, 'Std': 1.2009624260274054}"
measuring 2 | temperature | ,"{'Mean': -11.630019823844963, 'Std': 4.328478663491138}","{'Mean': -9.378356793994167, 'Std': 1.0038591699406305}","{'Mean': -9.686130059237898, 'Std': 1.014228447959232}","{'Mean': -9.578196003853922, 'Std': 1.2469478789011952}"
measuring 1 | measuring 2 | temperature | ,"{'Mean': -10.234405050405512, 'Std': 2.011236373999252}","{'Mean': -9.404363447450798, 'Std': 0.9688833385284406}","{'Mean': -9.514745863365091, 'Std': 1.1607843041966255}","{'Mean': -9.188551381648407, 'Std': 1.1595262083449036}"
