,MLP Regression,Multilinear Regression,KNN Regression,Random Forests Regression
NO2,"{'Mean': -0.6468368568780017, 'Std': 1.0595519399790603}","{'Mean': -0.8587812807285496, 'Std': 1.2281396438283205}","{'Mean': -0.8820685504674829, 'Std': 1.3914386621672223}","{'Mean': -0.950742019732373, 'Std': 1.4554094278444818}"
NO2 and temperature,"{'Mean': -0.5873705267152463, 'Std': 0.9911755605238166}","{'Mean': -0.7851668564001706, 'Std': 1.0565296389374466}","{'Mean': -0.5482082291484487, 'Std': 0.8169260344450255}","{'Mean': -0.6363440934868396, 'Std': 0.9615857459391584}"
