,MLP Regression,Multilinear Regression,KNN Regression,Random Forests Regression
measuring | ,"{'Mean': -0.0666607047280954, 'Std': 0.005837041978714137}","{'Mean': -0.06618997891021339, 'Std': 0.0061826472071995955}","{'Mean': -0.06425233070548364, 'Std': 0.009002625792699183}","{'Mean': -0.06682146619787838, 'Std': 0.008872706634735373}"
measuring | temperature | ,"{'Mean': -0.0658197998555037, 'Std': 0.006846710911309984}","{'Mean': -0.0669865630816444, 'Std': 0.006757550353051433}","{'Mean': -0.0660330734385638, 'Std': 0.00606299361078366}","{'Mean': -0.06822007532785776, 'Std': 0.006604120108471049}"
