,MLP Regression,Multilinear Regression,KNN Regression,Random Forests Regression
CO,"{'Mean': -0.45203146178919973, 'Std': 0.5124565434206068}","{'Mean': -0.51703261139277, 'Std': 0.6228999884182366}","{'Mean': -0.5485824452399594, 'Std': 0.5442191543160408}","{'Mean': -0.5394451359895099, 'Std': 0.5897922259035175}"
CO and temperature,"{'Mean': -0.5712512640891744, 'Std': 0.3839758092520428}","{'Mean': -0.5237545218217079, 'Std': 0.6125103162305159}","{'Mean': -0.5912155983030518, 'Std': 0.41133518379316564}","{'Mean': -0.5063933237225708, 'Std': 0.4549365826113931}"
