,MLP Regression,Multilinear Regression,KNN Regression,Random Forests Regression
measuring 1 | ,"{'Mean': -17.38240224636263, 'Std': 3.4888847910065612}","{'Mean': -17.262859560051908, 'Std': 3.5694111884380613}","{'Mean': -17.244153752781227, 'Std': 5.050244849075435}","{'Mean': -18.578782366491524, 'Std': 3.190111311207598}"
measuring 2 | ,"{'Mean': -13.724112735921183, 'Std': 2.1113856763045704}","{'Mean': -14.3361304847907, 'Std': 2.5021378158095597}","{'Mean': -14.271289771533182, 'Std': 1.4895987406413642}","{'Mean': -14.83370022864694, 'Std': 1.3363206022078733}"
measuring 1 | measuring 2 | ,"{'Mean': -13.01095155595012, 'Std': 1.8209733090196563}","{'Mean': -13.847406658425172, 'Std': 2.26489941070519}","{'Mean': -13.898595321602158, 'Std': 1.860215659254826}","{'Mean': -13.617142357956427, 'Std': 1.4936639296756495}"
measuring 1 | temperature | ,"{'Mean': -11.243135799335152, 'Std': 1.1325123549362477}","{'Mean': -11.728268936894608, 'Std': 1.2303626635315323}","{'Mean': -13.162774895501306, 'Std': 1.9348297150891867}","{'Mean': -11.96376983150555, 'Std': 1.3386578713269672}"
measuring 2 | temperature | ,"{'Mean': -13.157154146603682, 'Std': 2.937428558734068}","{'Mean': -11.440952854299601, 'Std': 0.7241367566035554}","{'Mean': -12.909565406298618, 'Std': 0.8129915701329059}","{'Mean': -12.63974679752698, 'Std': 1.3326633607261544}"
measuring 1 | measuring 2 | temperature | ,"{'Mean': -12.367067057805833, 'Std': 1.5902223676502105}","{'Mean': -11.367481795676094, 'Std': 0.8234217491790495}","{'Mean': -12.971689033957254, 'Std': 1.1781986030450582}","{'Mean': -12.263219815350467, 'Std': 1.5879622967798221}"
