,MLP Regression,Multilinear Regression,KNN Regression,Random Forests Regression
measuring | ,"{'Mean': -12.87388386007034, 'Std': 3.8980809448304976}","{'Mean': -12.610952203576396, 'Std': 3.7374934264519}","{'Mean': -12.835693916069673, 'Std': 3.6732866492046123}","{'Mean': -13.698837511866504, 'Std': 3.500025190356295}"
measuring | temperature | ,"{'Mean': -11.75589456873228, 'Std': 3.3975421047919694}","{'Mean': -12.574501863283231, 'Std': 3.4013775662014716}","{'Mean': -12.019713142424127, 'Std': 3.3310348567604224}","{'Mean': -11.932763882011749, 'Std': 3.385696427323268}"
