,MLP Regression,Multilinear Regression,KNN Regression,Random Forests Regression
measuring 1 | ,"{'Mean': -18.905160801571167, 'Std': 9.55934533241492}","{'Mean': -18.34426418722832, 'Std': 9.968722008248868}","{'Mean': -21.844364309601623, 'Std': 7.2341490522486005}","{'Mean': -19.1973949811844, 'Std': 9.569110141731041}"
measuring 2 | ,"{'Mean': -18.593664927273434, 'Std': 8.721796476892088}","{'Mean': -18.056799140023166, 'Std': 8.976224973172899}","{'Mean': -18.952850976305445, 'Std': 8.159140179782963}","{'Mean': -20.23447673416731, 'Std': 7.764226049387326}"
measuring 1 | measuring 2 | ,"{'Mean': -22.400012425086352, 'Std': 9.25353531405677}","{'Mean': -18.159944525386727, 'Std': 8.88537877970762}","{'Mean': -19.583295205327893, 'Std': 7.42474495300545}","{'Mean': -20.024527690381532, 'Std': 7.690038519604327}"
measuring 1 | temperature | ,"{'Mean': -19.08386977096955, 'Std': 9.35785812696528}","{'Mean': -17.799630987481414, 'Std': 9.2904785414878}","{'Mean': -18.58881053188427, 'Std': 9.173745737079678}","{'Mean': -19.58379799399112, 'Std': 9.17310683638358}"
measuring 2 | temperature | ,"{'Mean': -18.89748757182596, 'Std': 9.504655497688773}","{'Mean': -17.97988990233685, 'Std': 8.860311225014279}","{'Mean': -19.355407550878994, 'Std': 9.141078654758251}","{'Mean': -19.375406007351003, 'Std': 8.818134225861398}"
measuring 1 | measuring 2 | temperature | ,"{'Mean': -19.185096594908366, 'Std': 9.009528415500952}","{'Mean': -18.069191820891838, 'Std': 8.85585142053217}","{'Mean': -20.08593115137528, 'Std': 8.919668703087492}","{'Mean': -19.07143017732373, 'Std': 8.959213465655097}"
