,MLP Regression,Multilinear Regression,KNN Regression,Random Forests Regression
NO2,"{'Mean': -6.7193335750777, 'Std': 2.1116361202535447}","{'Mean': -6.85112924902773, 'Std': 1.91820565691938}","{'Mean': -7.14222057718077, 'Std': 2.416481950868728}","{'Mean': -7.142857715594874, 'Std': 2.3740531968737737}"
NO2 and temperature,"{'Mean': -6.457913989381535, 'Std': 1.5479579689523033}","{'Mean': -6.916623735886479, 'Std': 1.8171341026846413}","{'Mean': -6.817784741434851, 'Std': 2.394619769201142}","{'Mean': -6.857879031340374, 'Std': 2.2383657653781803}"
