,MLP Regression,Multilinear Regression,KNN Regression,Random Forests Regression
measuring | ,"{'Mean': -0.05951744882477526, 'Std': 0.016349873696906235}","{'Mean': -0.05976625707225112, 'Std': 0.016058422461327264}","{'Mean': -0.060250717991798174, 'Std': 0.01712357803772127}","{'Mean': -0.06235379778263852, 'Std': 0.016524048732611457}"
measuring no Temp | ,"{'Mean': -0.060139739821686744, 'Std': 0.016358722090793393}","{'Mean': -0.06051285962950946, 'Std': 0.016364937775902894}","{'Mean': -0.06382670409889714, 'Std': 0.01691337268280163}","{'Mean': -0.06457403602170131, 'Std': 0.016547628697297666}"
measuring | temperature | ,"{'Mean': -0.06065579514273482, 'Std': 0.016689926530857373}","{'Mean': -0.060016568769433745, 'Std': 0.01613320627593592}","{'Mean': -0.061284630880974945, 'Std': 0.015435743495059417}","{'Mean': -0.06120672777818483, 'Std': 0.01489460260342783}"
measuring no Temp | temperature | ,"{'Mean': -0.06040003130033109, 'Std': 0.01685622198873254}","{'Mean': -0.060016568769433745, 'Std': 0.01613320627593592}","{'Mean': -0.06126992142719636, 'Std': 0.015384792449875439}","{'Mean': -0.060464204776172426, 'Std': 0.015932820020282613}"
