,MLP Regression,Multilinear Regression,KNN Regression,Random Forests Regression
measuring 1 | ,"{'Mean': -18.559800500706224, 'Std': 3.0024800035754398}","{'Mean': -17.262859560051908, 'Std': 3.5694111884380613}","{'Mean': -17.244153752781227, 'Std': 5.050244849075435}","{'Mean': -18.522945310479727, 'Std': 3.2080307000247887}"
measuring 2 | ,"{'Mean': -13.751568466564029, 'Std': 1.6978778162813246}","{'Mean': -14.336130484790695, 'Std': 2.502137815809561}","{'Mean': -14.271289771533182, 'Std': 1.4895987406413642}","{'Mean': -14.767875239290921, 'Std': 1.3512265607985945}"
measuring 1 | measuring 2 | ,"{'Mean': -12.704311704376536, 'Std': 1.6448264349507038}","{'Mean': -13.847406658425195, 'Std': 2.264899410705197}","{'Mean': -13.771065469845913, 'Std': 1.7917171741584668}","{'Mean': -13.658942136601544, 'Std': 1.5061060145948721}"
measuring 1 | temperature | ,"{'Mean': -11.145533881968333, 'Std': 0.9817612195830138}","{'Mean': -11.728268936894608, 'Std': 1.2303626635315477}","{'Mean': -11.941717385967271, 'Std': 0.9420248410577868}","{'Mean': -11.989089338165728, 'Std': 1.2678891719364316}"
measuring 2 | temperature | ,"{'Mean': -11.596277660167774, 'Std': 1.252115770413864}","{'Mean': -11.440952854299598, 'Std': 0.724136756603561}","{'Mean': -12.418620203572523, 'Std': 0.7873744436861967}","{'Mean': -12.647526916739457, 'Std': 1.3710102169952267}"
measuring 1 | measuring 2 | temperature | ,"{'Mean': -12.593234676520758, 'Std': 1.9033799962477094}","{'Mean': -11.36748179567609, 'Std': 0.8234217491790621}","{'Mean': -12.107036881633405, 'Std': 0.9571008972301024}","{'Mean': -12.289720355565843, 'Std': 1.5991227194535744}"
