,MLP Regression,Multilinear Regression,KNN Regression,Random Forests Regression
NO2,"{'Mean': -14.14051400236696, 'Std': 4.6231797283191085}","{'Mean': -12.851270727982339, 'Std': 3.916569141458112}","{'Mean': -13.578033713906024, 'Std': 3.480448543005803}","{'Mean': -13.88002216801278, 'Std': 3.616764323756448}"
NO2 and temperature,"{'Mean': -12.757455242232572, 'Std': 4.331832267572787}","{'Mean': -12.986801965051438, 'Std': 3.6699451776024503}","{'Mean': -12.339284220052022, 'Std': 3.8858937510500526}","{'Mean': -12.680656134127867, 'Std': 3.2977548251914697}"
