,MLP Regression,Multilinear Regression,KNN Regression,Random Forests Regression
measuring 1 | ,"{'Mean': -8.714745678031061, 'Std': 19.841605059149618}","{'Mean': -6.944200704828846, 'Std': 17.28034038701027}","{'Mean': -31.960675281611902, 'Std': 79.29930367520086}","{'Mean': -11.775195537651387, 'Std': 30.506392158719684}"
measuring 2 | ,"{'Mean': -14.570361919149885, 'Std': 39.45620223437511}","{'Mean': -12.97958142091824, 'Std': 35.40018825228162}","{'Mean': -16.335489798680847, 'Std': 43.712208711012345}","{'Mean': -18.845538112648242, 'Std': 48.3733466082151}"
measuring 1 | measuring 2 | ,"{'Mean': -18.529822311962157, 'Std': 39.1579981808869}","{'Mean': -12.82624314241871, 'Std': 34.25898763823778}","{'Mean': -17.911487033417536, 'Std': 45.21640077852791}","{'Mean': -18.56289373548618, 'Std': 46.282694066759355}"
measuring 1 | temperature | ,"{'Mean': -10.727288624179595, 'Std': 21.28872796974122}","{'Mean': -7.132040011220129, 'Std': 14.483622740642206}","{'Mean': -10.971966446496706, 'Std': 22.27999690862187}","{'Mean': -15.58718102824788, 'Std': 32.912885603445424}"
measuring 2 | temperature | ,"{'Mean': -8.942336426173204, 'Std': 20.75710855097526}","{'Mean': -10.498330202910287, 'Std': 23.962933982858342}","{'Mean': -11.53925023710617, 'Std': 26.463380788311976}","{'Mean': -12.3675985279005, 'Std': 28.68341024837576}"
measuring 1 | measuring 2 | temperature | ,"{'Mean': -11.539383390863232, 'Std': 22.861836264210314}","{'Mean': -10.511509631524714, 'Std': 23.910555117171693}","{'Mean': -17.054700080305317, 'Std': 38.88410709787839}","{'Mean': -12.439724292929743, 'Std': 28.95484343181849}"
