,MLP Regression,Multilinear Regression,KNN Regression,Random Forests Regression
measuring | ,"{'Mean': -4.268810403874847, 'Std': 5.980493924765136}","{'Mean': -4.223763345893144, 'Std': 6.146841640988677}","{'Mean': -4.76880669502736, 'Std': 6.468114316567838}","{'Mean': -5.906929146792874, 'Std': 7.925841575045383}"
measuring | temperature | ,"{'Mean': -5.693819002385795, 'Std': 8.14868659169872}","{'Mean': -4.249047894517363, 'Std': 5.941379116078845}","{'Mean': -3.839346440698653, 'Std': 5.009460817022608}","{'Mean': -3.529114604853497, 'Std': 4.75243822679541}"
