,MLP Regression,Multilinear Regression,KNN Regression,Random Forests Regression
NO2,"{'Mean': -10.666623840389889, 'Std': 2.6733417655250595}","{'Mean': -9.908849479747328, 'Std': 1.8779987823512905}","{'Mean': -10.236530990173849, 'Std': 2.173567603689137}","{'Mean': -10.46705735828, 'Std': 2.3130095732430567}"
NO2 and temperature,"{'Mean': -9.582566402933033, 'Std': 2.5968524901097028}","{'Mean': -10.103209481314343, 'Std': 1.8262144577139061}","{'Mean': -9.24523327664399, 'Std': 2.2838092324338644}","{'Mean': -9.67443701887863, 'Std': 1.9649198434419413}"
