,MLP Regression,Multilinear Regression,KNN Regression,Random Forests Regression
measuring | ,"{'Mean': -0.1909983072960597, 'Std': 0.2842146699351844}","{'Mean': -0.17382979506757298, 'Std': 0.25020539420089677}","{'Mean': -0.25747935041360054, 'Std': 0.28133620488434885}","{'Mean': -0.28626056535713096, 'Std': 0.305799547202519}"
measuring no Temp | ,"{'Mean': -0.24790992238157433, 'Std': 0.26823777577728036}","{'Mean': -0.22623376126699232, 'Std': 0.2874137595504352}","{'Mean': -0.2942026680437531, 'Std': 0.31800454044993015}","{'Mean': -0.3673064544362819, 'Std': 0.36465954579268883}"
measuring | temperature | ,"{'Mean': -0.08163613189043882, 'Std': 0.3670985340811825}","{'Mean': -0.06125972731978345, 'Std': 0.30887023840182437}","{'Mean': -0.11859748287014131, 'Std': 0.3565256572481987}","{'Mean': -0.16403902414985078, 'Std': 0.4365608658631649}"
measuring no Temp | temperature | ,"{'Mean': -0.10053163051795586, 'Std': 0.39426322330978436}","{'Mean': -0.0612597273197835, 'Std': 0.3088702384018247}","{'Mean': -0.1618008987050731, 'Std': 0.3933699068441578}","{'Mean': -0.21616503799481862, 'Std': 0.4784782000371463}"
