,MLP Regression,Multilinear Regression,KNN Regression,Random Forests Regression
measuring | ,"{'Mean': -7.287146935292715, 'Std': 1.7947429393965662}","{'Mean': -7.240748796559974, 'Std': 1.7767743328332424}","{'Mean': -7.480532262277952, 'Std': 1.8102513397354127}","{'Mean': -7.49027158567411, 'Std': 1.6913626592329516}"
measuring no Temp | ,"{'Mean': -7.429852407280805, 'Std': 1.7575637535638942}","{'Mean': -7.405548801262515, 'Std': 1.828847786367458}","{'Mean': -7.583152429467086, 'Std': 1.7625165037980794}","{'Mean': -7.690980078335047, 'Std': 1.690260585754864}"
measuring | temperature | ,"{'Mean': -6.744444732951841, 'Std': 1.4908278029045852}","{'Mean': -6.774615610196518, 'Std': 1.6040179739171792}","{'Mean': -6.878339864158829, 'Std': 1.341482372963312}","{'Mean': -6.958523049583095, 'Std': 1.2723089010648945}"
measuring no Temp | temperature | ,"{'Mean': -6.73390369044863, 'Std': 1.4942597311108294}","{'Mean': -6.774615610196518, 'Std': 1.60401797391718}","{'Mean': -6.975715376577446, 'Std': 1.2480841072733537}","{'Mean': -7.070488517200973, 'Std': 1.2603441002976639}"
