,MLP Regression,Multilinear Regression,KNN Regression,Random Forests Regression
measuring | ,"{'Mean': -0.06440863640804911, 'Std': 0.01008718056713682}","{'Mean': -0.06672034215545262, 'Std': 0.0060486244211715836}","{'Mean': -0.06479141053333824, 'Std': 0.009284241566230811}","{'Mean': -0.06734483910149415, 'Std': 0.00898196056904041}"
measuring | temperature | ,"{'Mean': -0.06802818324769107, 'Std': 0.009791809300707196}","{'Mean': -0.0676792726365278, 'Std': 0.006819622491817544}","{'Mean': -0.06763556165679387, 'Std': 0.009453239449418241}","{'Mean': -0.06720506052283624, 'Std': 0.008151859980413746}"
