,MLP Regression,Multilinear Regression,KNN Regression,Random Forests Regression
measuring 1 | ,"{'Mean': -0.6172539142156539, 'Std': 0.45750629703529233}","{'Mean': -0.41407929972183993, 'Std': 0.2866399791718357}","{'Mean': -0.47927437856601046, 'Std': 0.31674428561395374}","{'Mean': -0.612125948959176, 'Std': 0.6274618608820824}"
measuring 2 | ,"{'Mean': 0.07414062192635196, 'Std': 0.28308757698812914}","{'Mean': 0.0904601706785575, 'Std': 0.12537872006004647}","{'Mean': 0.04080746162987762, 'Std': 0.3102418023323353}","{'Mean': -0.014301760391367399, 'Std': 0.33181856002733395}"
measuring 1 | measuring 2 | ,"{'Mean': 0.2392544985762908, 'Std': 0.15600274937657824}","{'Mean': 0.07378300638254061, 'Std': 0.08894333035870439}","{'Mean': 0.14619666318434696, 'Std': 0.1901668898048479}","{'Mean': 0.15411350272445765, 'Std': 0.2040668886356247}"
measuring 1 | temperature | ,"{'Mean': 0.40015159627612196, 'Std': 0.15617038603645297}","{'Mean': 0.29133234425353804, 'Std': 0.2127975309188839}","{'Mean': 0.34408272053716765, 'Std': 0.20774775688471184}","{'Mean': 0.3286234695770685, 'Std': 0.1934133049535844}"
measuring 2 | temperature | ,"{'Mean': -0.07594269677003573, 'Std': 0.4520312381047037}","{'Mean': 0.2850767378540403, 'Std': 0.3046763759242579}","{'Mean': 0.1982806406378824, 'Std': 0.3861455930497802}","{'Mean': 0.24722353645250505, 'Std': 0.27583294723975205}"
measuring 1 | measuring 2 | temperature | ,"{'Mean': 0.18686599949679172, 'Std': 0.24379324882527292}","{'Mean': 0.28237572136997163, 'Std': 0.29981036930047567}","{'Mean': 0.19371575639239022, 'Std': 0.44567219333073993}","{'Mean': 0.304131572454457, 'Std': 0.2603140786979784}"
